system (grid),system total,4.0
system (grid),system total discounted cost,214629.269162
system (grid),system total discounted demand,142453.557184
system (grid),system total discounted recurring cost,79419.230599
system (grid),system total existing network length,192.130740023
system (grid),system total external discounted recurring cost,2235.01986607
system (grid),system total external initial cost,8393.98132324
system (grid),system total initial cost,135210.038563
system (grid),system total internal discounted recurring cost,77184.2107329
system (grid),system total internal initial cost,126816.05724
system (grid),system total levelized cost,1.50666135268
system (grid),system total proposed network length,632.37310791
system (mini-grid),system total,34.0
system (mini-grid),system total discounted cost,2383286.00503
system (mini-grid),system total discounted demand,1429427.41166
system (mini-grid),system total discounted energy storage cost,1163796.67386
system (mini-grid),system total discounted generation cost,1246104.30844
system (mini-grid),system total discounted recurring cost,1530486.00502
system (mini-grid),system total initial cost,852800.0
system (mini-grid),system total levelized cost,1.66730117639
system (off-grid),system total,16.0
system (off-grid),system total discounted cost,388944.532243
system (off-grid),system total discounted demand,128251.441529
system (off-grid),system total discounted diesel cost,0.0
system (off-grid),system total discounted diesel fuel cost,0.0
system (off-grid),system total discounted recurring cost,190394.532243
system (off-grid),system total initial cost,198550.0
system (off-grid),system total levelized cost,3.03267181722
